Comment enlever un fond vert dans Photoshop - iSkysoft;https://www.bing.com/ck/a?!&&p=806dc686bb65d07e63c8627856814020edddda2673360a68bdf53919ae195ae2JmltdHM9MTc2NDg5MjgwMA&ptn=3&ver=2&hsh=4&fclid=0416ad60-bd81-6ad2-27bf-bbd9bc586bc5&u=a1aHR0cHM6Ly93d3cuaXNreXNvZnQuY29tL2ZyL3ZpZGVvLWVkaXRpbmcvZW5sZXZlci1mb25kLXZlcnQtcGhvdG9zaG9wLmh0bWw&ntb=1;https://www.iskysoft.com › fr › video-editing › enlever-fond-vert-photoshop.html
Comment enlever fond vert Photoshop - YouTube;https://www.bing.com/ck/a?!&&p=0ba51d72c4add913f3822c18d30e51501c8d808474c21b86e559c911af63f1ccJmltdHM9MTc2NDg5MjgwMA&ptn=3&ver=2&hsh=4&fclid=0416ad60-bd81-6ad2-27bf-bbd9bc586bc5&u=a1aHR0cHM6Ly93d3cueW91dHViZS5jb20vd2F0Y2g_dj14c3llT0kzZTVXcw&ntb=1;https://www.youtube.com › watch
;https://www.bing.com/ck/a?!&&p=6cf96f39ccc97fac4e56ac67b42b0cc2bd7a8c771cd5188651a7b4ba6f170b08JmltdHM9MTc2NDg5MjgwMA&ptn=3&ver=2&hsh=4&fclid=0416ad60-bd81-6ad2-27bf-bbd9bc586bc5&u=a1aHR0cHM6Ly9mci4xMDEtaGVscC5jb20vY29tbWVudC1ham91dGVyLXVuLWFycmllcmUtcGxhbi1hLXVuZS1pbWFnZS1kLWVjcmFuLXZlcnQtZGFucy1waG90b3Nob3AtYjgzZTNiMWI2MS8&ntb=1;https://fr.101-help.com › comment-ajouter-un-arriere-plan-a-une-image-d...
;https://www.bing.com/ck/a?!&&p=48a2e25a9808bbff1269e7fb27114ff54d527080995a4bfcd15faf9d72a174f4JmltdHM9MTc2NDg5MjgwMA&ptn=3&ver=2&hsh=4&fclid=0416ad60-bd81-6ad2-27bf-bbd9bc586bc5&u=a1aHR0cHM6Ly9sZXNwZXJyaWVyZXMub3JnL2NvbW1lbnQtc3VwcHJpbWVyLWxlcy1hcnJpJUMzJUE4cmUtcGxhbnMtZCVDMyVBOWNyYW4tdmVydHMtZGFucy1waG90b3Nob3Av&ntb=1;https://lesperrieres.org › comment-supprimer-les-arrière-plans-décran...
Comment supprimer un écran vert dans Photoshop;https://www.bing.com/ck/a?!&&p=94a93fe6a26f088480a7d0c9f5454d52cd522aa168f859782848fb500dd882d7JmltdHM9MTc2NDg5MjgwMA&ptn=3&ver=2&hsh=4&fclid=0416ad60-bd81-6ad2-27bf-bbd9bc586bc5&u=a1aHR0cHM6Ly93d3cucG9rZWN1dC5jb20vZnIvYmxvZy9ob3ctdG8tcmVtb3ZlLWdyZWVuLXNjcmVlbi1pbi1waG90b3Nob3A&ntb=1;https://www.pokecut.com › fr › blog › how-to-remove-gree…
3 méthodes pour supprimer un arrière-plan dans Photoshop - PhotoRoom;https://www.bing.com/ck/a?!&&p=cea019b3ffbc77eda2e287e4226028aaca1c83bf0adaa691004369f6a0a89c6bJmltdHM9MTc2NDg5MjgwMA&ptn=3&ver=2&hsh=4&fclid=0416ad60-bd81-6ad2-27bf-bbd9bc586bc5&u=a1aHR0cHM6Ly93d3cucGhvdG9yb29tLmNvbS9mci9ibG9nL3N1cHByaW1lci1hcnJpZXJlLXBsYW4tcGhvdG9zaG9w&ntb=1;https://www.photoroom.com › fr › blog › supprim…
Comment utiliser un fond vert ? | Comment fonctionne …;https://www.bing.com/ck/a?!&&p=8a1b16a95f9ee73a6d639e998d2641ab26c6663ef593786636c58441f0ea60f1JmltdHM9MTc2NDg5MjgwMA&ptn=3&ver=2&hsh=4&fclid=0416ad60-bd81-6ad2-27bf-bbd9bc586bc5&u=a1aHR0cHM6Ly93d3cuYWRvYmUuY29tL2ZyL2NyZWF0aXZlY2xvdWQvdmlkZW8vZGlzY292ZXIvaG93LXRvLXVzZS1ncmVlbi1zY3JlZW4uaHRtbD9tc29ja2lkPTA0MTZhZDYwYmQ4MTZhZDIyN2JmYmJkOWJjNTg2YmM1&ntb=1;https://www.adobe.com › fr › creativecloud › video › discov…
;https://www.bing.com/ck/a?!&&p=524ae0998d1bef22e210bb977e0ba85aeadd2c2a912ea390e9cb75b2c2e6ae05JmltdHM9MTc2NDg5MjgwMA&ptn=3&ver=2&hsh=4&fclid=0416ad60-bd81-6ad2-27bf-bbd9bc586bc5&u=a1aHR0cHM6Ly93d3cudHV0a2l0LmNvbS9mci90dXRvcmllbHMtdGV4dGUvMjg3LWRldG91cmFnZS1hdmVjLWxhLXRlY2huaXF1ZS1kdS1mb25kLXZlcnQ&ntb=1;https://www.tutkit.com › fr › tutoriels-texte
;https://www.bing.com/ck/a?!&&p=8e771ae8236ef3ccdda120e6096dd885122ab3094ee76c0fc38657ffda72a56aJmltdHM9MTc2NDg5MjgwMA&ptn=3&ver=2&hsh=4&fclid=0416ad60-bd81-6ad2-27bf-bbd9bc586bc5&u=a1aHR0cHM6Ly93d3cuY2FwY3V0LmNvbS9mci1mci9leHBsb3JlL2ZvbmQtdmVydC1waG90b3Nob3AvNzUxMzI1ODg3NDYyODUyNDAzMw&ntb=1;https://www.capcut.com › fr-fr › explore › fond-vert-photoshop
;https://www.bing.com/ck/a?!&&p=c27f274fd0f5e7832f7294e92e78d4f9aed2e361c7353d3a72bbf130351c568dJmltdHM9MTc2NDg5MjgwMA&ptn=3&ver=2&hsh=4&fclid=0416ad60-bd81-6ad2-27bf-bbd9bc586bc5&u=a1aHR0cHM6Ly9hbnllcmFzZXIuY29tL2ZyL2Jsb2cvcmVtb3ZlLWdyZWVuLXNjcmVlbi1pbi1waG90b3Nob3AuaHRtbA&ntb=1;https://anyeraser.com › fr › blog › remove-green-screen-in-photoshop.html
